epoch,train_loss,val_loss,train_auc,val_auc,val_ap,is_best
1,0.40001242909025636,0.37879090493833517,0.7901379782562531,0.8506769971030901,0.8946757015432869,False
2,0.35650053002098775,0.34942632430875803,0.8393618978702284,0.8564806210538342,0.8977154017438254,False
3,0.3385353689181044,0.3359327771714036,0.8577277460477738,0.859528855712062,0.9017706383351114,False
4,0.32828467524220756,0.33585920405219977,0.8675899223669096,0.8632893823733518,0.9063389450689349,False
5,0.3151100050155998,0.34414292032450017,0.8790112313411516,0.8625020673945032,0.9036568938879603,False
6,0.30549949433998014,0.3392297411468667,0.8873250153296144,0.8642561557204166,0.90734432205658,True
7,0.2892537157163552,0.3566427980090531,0.899890581945424,0.8613097988531715,0.9065573503107751,False
8,0.27445181239898325,0.3591129099819022,0.9105304856780039,0.8569226598373025,0.9043109691604787,False
9,0.2610637264207323,0.36074251524159606,0.9195364742483798,0.860636297138726,0.903273485705167,False
