epoch,train_loss,val_loss,train_auc,val_auc,val_ap,is_best
1,0.39521317791642874,0.38456836132936073,0.7963337402756976,0.8414363226863226,0.8795815289670812,False
2,0.3570748121603161,0.3685552882896343,0.839450685364272,0.8504316816816816,0.8878485362145535,False
3,0.3372014541680931,0.3417065357658225,0.8588750420478687,0.8571005664755664,0.8998967519690112,True
4,0.3194988846567506,0.34000352990459387,0.8750047963348327,0.8554275866775867,0.8916546181288318,False
5,0.3105623792619147,0.33939792740512903,0.8827422703333688,0.8560716966966967,0.8939374771326902,False
6,0.2977519599681205,0.3423151201765302,0.8928270972453689,0.8537588725088726,0.8918809835868249,False
