epoch,train_loss,val_loss,train_auc,val_auc,val_ap,is_best
1,0.394205463957702,0.3657108595673467,0.7970778801978906,0.8327835911111414,0.8831736325206685,False
2,0.35672570738597964,0.35415482164268763,0.839972017590466,0.8492166066767037,0.8970569469388862,False
3,0.3380392493402704,0.3547729644137369,0.8581521354430066,0.849153519174338,0.8988017301226023,False
4,0.3286744049149202,0.34265512899613715,0.8664531003345651,0.8605382557499144,0.9068022848319952,True
5,0.31401127011429336,0.3715858984161431,0.8793932990609492,0.8549584219258057,0.9008922308998222,False
6,0.301028939743414,0.35572152952073327,0.8908587419738061,0.856086750430956,0.8996068234198895,False
7,0.28818924312895916,0.3662266103734433,0.9004088092620719,0.8577564379091096,0.9045374933096569,False
