epoch,train_loss,val_loss,train_auc,val_auc,val_ap,is_best
1,0.3953997219073857,0.3537208372858209,0.7962777660039895,0.8515832405492363,0.8959805959795206,False
2,0.35791982641668185,0.33512017823440926,0.838965332044992,0.8639356030056932,0.9065839100965818,False
3,0.34228087184911077,0.3422501194225231,0.8545053822084367,0.8645144734665902,0.9064187849832688,False
4,0.3275688851238988,0.32954885170493325,0.8676720072285847,0.8692579716174442,0.9103843845271431,False
5,0.31540818750224214,0.32707376232449437,0.8788328300216534,0.8700167267134651,0.9108082315802888,False
6,0.307152141229058,0.3312660644591694,0.8857219086414678,0.8706279934593606,0.9123951575644048,True
7,0.2904269591713628,0.3413878551251452,0.8982518962669084,0.8599321042069135,0.9042882291442067,False
8,0.273795143588849,0.35444274974960677,0.9106987596444381,0.8633703730858485,0.9070065832464301,False
9,0.25940606521165116,0.35371495405553094,0.9201833989017258,0.861221135336333,0.904819292466213,False
