epoch,train_loss,val_loss,train_auc,val_auc,val_ap,is_best
1,0.399742547343386,0.3718005450258792,0.7879637895905465,0.822776754026754,0.8751697445011828,False
2,0.3519716793340994,0.36823360999705085,0.8441912761277676,0.8326533920283921,0.8839270097547469,False
3,0.33581960359786417,0.365868802221728,0.859727190869825,0.8389068045318046,0.8874716864011025,False
4,0.3185552333263641,0.373261282351655,0.8753017960462002,0.8332505801255802,0.87997259755031,False
5,0.30815877355899374,0.37915479926995826,0.8846497726963629,0.8431374556374558,0.8899096782107726,True
6,0.296278132323889,0.389657854823999,0.8936835361223701,0.8419925607425608,0.8871562142757698,False
7,0.2795724132963529,0.3792369670011628,0.906549624372373,0.8387600668850669,0.8851037673873573,False
8,0.2660140262533587,0.3815157945517083,0.9156090215434306,0.8369727682227683,0.8823590876592111,False
