fold,roc_auc,pr_auc,accuracy,precision,recall,f1
0,0.885690208339112,0.9002189902525846,0.8138044371405094,0.8377906976744186,0.833670812843506,0.835725677830941
