fold,roc_auc,pr_auc,accuracy,precision,recall,f1
3,0.8822393014685157,0.8976611374130588,0.8073635765943459,0.827033218785796,0.8356481481481481,0.8313183649971215
