fold,roc_auc,pr_auc,accuracy,precision,recall,f1
4,0.8827561270364732,0.899776718849239,0.8116370808678501,0.8334295612009238,0.8353587962962963,0.834393063583815
