fold,roc_auc,pr_auc,accuracy,precision,recall,f1
2,0.8892398083628779,0.9004921325171676,0.8170611439842209,0.8363949483352469,0.8429273936939543,0.8396484656389569
