fold,roc_auc,pr_auc,accuracy,precision,recall,f1
1,0.8885708688802635,0.9047051487247758,0.814266929651545,0.8361745160358278,0.8371420306624241,0.8366579936397803
