fold,roc_auc,pr_auc,accuracy,precision,recall,f1
1,0.9108769674349133,0.9355710840636499,0.8501108647450111,0.8669328010645376,0.9042331714087439,0.8851902173913043
