fold,roc_auc,pr_auc,accuracy,precision,recall,f1
0,0.9213337209520416,0.9450308192849065,0.8554323725055433,0.8603749191984487,0.9236641221374046,0.8908969210174029
