fold,roc_auc,pr_auc,accuracy,precision,recall,f1
3,0.9024279961779962,0.9322117946045053,0.8429458740017747,0.8663967611336032,0.8916666666666667,0.8788501026694046
