fold,roc_auc,pr_auc,accuracy,precision,recall,f1
2,0.9174572496918091,0.9434369756563155,0.8620842572062084,0.8736772486772487,0.9167244968771686,0.8946833728411785
