fold,roc_auc,pr_auc,accuracy,precision,recall,f1
4,0.9048803064428065,0.9310291883298707,0.8402839396628217,0.8479381443298969,0.9138888888888889,0.8796791443850267
